{
  "name": "nasafa-plus-dashboard",
  "private": true,
  "version": "0.4.1",
  "type": "module",
  "scripts": {
    "dev": "vite",
    "prebuild": "node ./src/check-version.js",
    "build": "npm run prebuild && tsc -b && vite build",
    "lint": "eslint .",
    "preview": "vite preview"
  },
  "dependencies": {
    "@reduxjs/toolkit": "^2.8.2",
    "@tailwindcss/vite": "^4.1.10",
    "ag-grid-react": "^34.0.0",
    "axios": "^1.10.0",
    "daisyui": "^5.0.43",
    "i18next": "^25.2.1",
    "i18next-browser-languagedetector": "^8.2.0",
    "i18next-http-backend": "^3.0.2",
    "react": "^19.1.0",
    "react-dom": "^19.1.0",
    "react-i18next": "^15.5.3",
    "react-lazy-load-image-component": "^1.6.3",
    "react-redux": "^9.2.0",
    "react-toastify": "^11.0.5",
    "tailwindcss": "^4.1.10"
  },
  "devDependencies": {
    "@eslint/js": "^9.25.0",
    "@types/react": "^19.1.2",
    "@types/react-dom": "^19.1.2",
    "@vitejs/plugin-basic-ssl": "^2.0.0",
    "@vitejs/plugin-react": "^4.4.1",
    "eslint": "^9.25.0",
    "eslint-plugin-react-hooks": "^5.2.0",
    "eslint-plugin-react-refresh": "^0.4.19",
    "globals": "^16.0.0",
    "react-router-dom": "^7.6.2",
    "typescript": "~5.8.3",
    "typescript-eslint": "^8.30.1",
    "vite": "^6.3.5"
  }
}
